Date,Timeframe ,Days Since End of Trial,Time (PAM),Experiment ,Treatment,Trial,Coral ID,Replicate,Buoyant Weight,Wet Weight,Volume,Density ,Alpha,Fv/FM_init,Fv/FM,ETRmax,Y(NPQ),Photo
2/11/24,Pre,0,8:00,FDEP_Y2,R15,1,1.1,1,13.54,28.804,15,0.903,,0.685,0.763,,,Yes
2/11/24,Pre,0,8:00,FDEP_Y2,R15,1,1.1,2,13.54,28.763,15,0.903,,0.685,0.629,,,Yes
2/11/24,Pre,0,8:00,FDEP_Y2,R15,1,1.1,3,13.54,28.789,15,0.903,,0.685,0.663,,,Yes
2/11/24,Pre,0,8:00,FDEP_Y2,P15,1,1.2,1,14.69,31.441,15,0.979,,0.602333333,0.611,,,Yes
2/11/24,Pre,0,8:00,FDEP_Y2,P15,1,1.2,2,14.68,31.433,15,0.979,,0.602333333,0.606,,,Yes
2/11/24,Pre,0,8:00,FDEP_Y2,P15,1,1.2,3,14.69,31.428,15,0.979,,0.602333333,0.59,,,Yes
2/11/24,Pre,0,8:00,FDEP_Y2,Control,1,1.3,1,12.94,27.207,15,0.863,,0.560333333,0.558,,,Yes
2/11/24,Pre,0,8:00,FDEP_Y2,Control,1,1.3,2,12.94,27.202,15,0.863,,0.560333333,0.583,,,Yes
2/11/24,Pre,0,8:00,FDEP_Y2,Control,1,1.3,3,12.94,27.197,15,0.863,,0.560333333,0.54,,,Yes
2/11/24,Pre,0,8:00,FDEP_Y2,R4,1,1.4,1,10.3,22.443,10,1.030,,0.526666667,0.536,,,Yes
2/11/24,Pre,0,8:00,FDEP_Y2,R4,1,1.4,2,10.3,22.44,10,1.030,,0.526667,0.537,,,Yes
2/11/24,Pre,0,8:00,FDEP_Y2,R4,1,1.4,3,10.3,22.44,10,1.030,,0.526667,0.507,,,Yes
2/11/24,Pre,0,8:00,FDEP_Y2,P4,1,1.5,1,12.63,26.328,15,0.842,,0.514,0.528,,,Yes
2/11/24,Pre,0,8:00,FDEP_Y2,P4,1,1.5,2,12.63,26.324,15,0.842,,0.514,0.502,,,Yes
2/11/24,Pre,0,8:00,FDEP_Y2,P4,1,1.5,3,12.63,26.321,15,0.842,,0.514,0.512,,,Yes
2/11/24,Pre,0,8:00,FDEP_Y2,Control,1,2.1,1,15.85,34.666,20,0.793,,0.701333333,0.7,,,Yes
2/11/24,Pre,0,8:00,FDEP_Y2,Control,1,2.1,2,15.86,34.654,20,0.793,,0.701333,0.675,,,Yes
2/11/24,Pre,0,8:00,FDEP_Y2,Control,1,2.1,3,15.85,34.884,20,0.793,,0.701333,0.729,,,Yes
2/11/24,Pre,0,8:00,FDEP_Y2,P15,1,2.2,1,13.78,29.644,15,0.919,,0.656666667,0.625,,,Yes
2/11/24,Pre,0,8:00,FDEP_Y2,P15,1,2.2,2,13.78,29.637,15,0.919,,0.656667,0.679,,,Yes
2/11/24,Pre,0,8:00,FDEP_Y2,P15,1,2.2,3,13.78,29.633,15,0.919,,0.656667,0.666,,,Yes
2/11/24,Pre,0,8:00,FDEP_Y2,P4,1,2.3,1,21.39,21.39,25,0.856,,0.704666667,0.733,,,Yes
2/11/24,Pre,0,8:00,FDEP_Y2,P4,1,2.3,2,21.39,21.39,25,0.856,,0.704667,0.702,,,Yes
2/11/24,Pre,0,8:00,FDEP_Y2,P4,1,2.3,3,21.39,21.39,25,0.856,,0.704667,0.679,,,Yes
2/11/24,Pre,0,8:00,FDEP_Y2,R4,1,2.4,1,13.06,13.06,15,0.871,,0.653333333,0.621,,,Yes
2/11/24,Pre,0,8:00,FDEP_Y2,R4,1,2.4,2,13.06,13.06,15,0.871,,0.653333,0.648,,,Yes
2/11/24,Pre,0,8:00,FDEP_Y2,R4,1,2.4,3,13.05,13.05,15,0.870,,0.653333,0.691,,,Yes
2/11/24,Pre,0,8:00,FDEP_Y2,R15,1,2.5,1,12.49,12.49,15,0.833,,0.603666667,0.613,,,Yes
2/11/24,Pre,0,8:00,FDEP_Y2,R15,1,2.5,2,12.49,12.49,15,0.833,,0.603667,0.589,,,Yes
2/11/24,Pre,0,8:00,FDEP_Y2,R15,1,2.5,3,12.49,12.49,15,0.833,,0.603667,0.609,,,Yes
3/24/24,Pre,0,13:59,FDEP_Y2,R15,2,3.1,1,14.9,DNE,18,0.828,,0.718333333,0.726,,,Yes
3/24/24,Pre,0,13:59,FDEP_Y2,R15,2,3.1,2,14.89,DNE,18,0.827,,0.718333,0.682,,,Yes
3/24/24,Pre,0,13:59,FDEP_Y2,R15,2,3.1,3,14.89,DNE,18,0.827,,0.718333,0.747,,,Yes
3/24/24,Pre,0,14:00,FDEP_Y2,P4,2,3.2,1,18.68,DNE,20,0.934,,0.637333333,0.673,,,Yes
3/24/24,Pre,0,14:00,FDEP_Y2,P4,2,3.2,2,18.72,DNE,20,0.936,,0.637333,0.633,,,Yes
3/24/24,Pre,0,14:00,FDEP_Y2,P4,2,3.2,3,18.71,DNE,20,0.936,,0.637333,0.606,,,Yes
3/24/24,Pre,0,14:13,FDEP_Y2,Control,2,3.3,1,16.9,DNE,20,0.845,,0.616,0.655,,,Yes
3/24/24,Pre,0,14:13,FDEP_Y2,Control,2,3.3,2,16.9,DNE,20,0.845,,0.616,0.549,,,Yes
3/24/24,Pre,0,14:13,FDEP_Y2,Control,2,3.3,3,16.9,DNE,20,0.845,,0.616,0.644,,,Yes
3/24/24,Pre,0,14:14,FDEP_Y2,P15,2,3.4,1,13.96,DNE,15,0.931,,0.666333333,0.74,,,Yes
3/24/24,Pre,0,14:14,FDEP_Y2,P15,2,3.4,2,13.96,DNE,15,0.931,,0.666333,0.629,,,Yes
3/24/24,Pre,0,14:14,FDEP_Y2,P15,2,3.4,3,13.96,DNE,15,0.931,,0.666333,0.63,,,Yes
3/24/24,Pre,0, 14:15,FDEP_Y2,R4,2,3.5,1,14.63,DNE,15,0.975,,0.642666667,0.66,,,Yes
3/24/24,Pre,0,14:15,FDEP_Y2,R4,2,3.5,2,14.63,DNE,15,0.975,,0.642667,0.665,,,Yes
3/24/24,Pre,0,14:15,FDEP_Y2,R4,2,3.5,3,14.63,DNE,15,0.975,,0.642667,0.603,,,Yes
3/24/24,Pre,0,13:50,FDEP_Y2,P4,2,69.1,1,15.12,DNE,16,0.945,,0.735,0.748,,,Yes
3/24/24,Pre,0,13:50,FDEP_Y2,P4,2,69.1,2,15.12,DNE,16,0.945,,0.735,0.731,,,Yes
3/24/24,Pre,0,13:50,FDEP_Y2,P4,2,69.1,3,15.13,DNE,16,0.946,,0.735,0.726,,,Yes
3/24/24,Pre,0,13:52,FDEP_Y2,R4,2,69.2,1,17.12,DNE,18,0.951,,0.736333333,0.739,,,Yes
3/24/24,Pre,0,13:52,FDEP_Y2,R4,2,69.2,2,17.12,DNE,18,0.951, ,0.73633,0.728,,,Yes
3/24/24,Pre,0,13:52,FDEP_Y2,R4,2,69.2,3,17.12,DNE,18,0.951,,0.73633,0.742,,,Yes
3/24/24,Pre,0,13:54,FDEP_Y2,P15,2,69.3,1,14.11,DNE,16,0.882,,0.687666667,0.706,,,Yes
3/24/24,Pre,0,13:54,FDEP_Y2,P15,2,69.3,2,14.11,DNE,16,0.882,,0.687667,0.687,,,Yes
3/24/24,Pre,0,13:54,FDEP_Y2,P15,2,69.3,3,14.11,DNE,16,0.882,,0.687667,0.67,,,Yes
3/24/24,Pre,0,13:55,FDEP_Y2,Control,2,69.4,1,13.78,DNE,15,0.919,,0.634333333,0.591,,,Yes
3/24/24,Pre,0,13:55,FDEP_Y2,Control,2,69.4,2,13.78,DNE,15,0.919,,0.634333,0.688,,,Yes
3/24/24,Pre,0,13:55,FDEP_Y2,Control,2,69.4,3,13.77,DNE,15,0.918,,0.634333,0.624,,,Yes
3/24/24,Pre,0,13:57,FDEP_Y2,R15,2,69.5,1,9.94,DNE,10,0.994,,0.588666667,0.621,,,Yes
3/24/24,Pre,0,13:57,FDEP_Y2,R15,2,69.5,2,9.95,DNE,10,0.995,,0.588667,0.554,,,Yes
3/24/24,Pre,0,13:57,FDEP_Y2,R15,2,69.5,3,9.95,DNE,10,0.995,,0.588667,0.591,,,Yes
2/25/25,Mid,15,10:00,FDEP_Y2,R15,1,1.1,1,13.69,DNE,,,,,0.705,,,Yes
2/25/25,Mid,15,10:00,FDEP_Y2,R15,1,1.1,2,13.69,DNE,,,,,0.704,,,Yes
2/25/25,Mid,15,10:00,FDEP_Y2,R15,1,1.1,3,13.69,DNE,,,,,0.683,,,Yes
2/25/25,Mid,15,10:00,FDEP_Y2,P15,1,1.2,1,14.89,DNE,,,,,0.668,,,Yes
2/25/25,Mid,15,10:00,FDEP_Y2,P15,1,1.2,2,14.89,DNE,,,,,0.693,,,Yes
2/25/25,Mid,15,10:00,FDEP_Y2,P15,1,1.2,3,14.89,DNE,,,,,0.664,,,Yes
2/25/25,Mid,15,10:00,FDEP_Y2,Control,1,1.3,1,13.07,DNE,,,,,0.693,,,Yes
2/25/25,Mid,15,10:00,FDEP_Y2,Control,1,1.3,2,13.07,DNE,,,,,0.718,,,Yes
2/25/25,Mid,15,10:00,FDEP_Y2,Control,1,1.3,3,13.07,DNE,,,,,0.704,,,Yes
2/25/25,Mid,15,10:00,FDEP_Y2,R4,1,1.4,1,10.47,DNE,,,,,0.693,,,Yes
2/25/25,Mid,15,10:00,FDEP_Y2,R4,1,1.4,2,10.47,DNE,,,,,0.693,,,Yes
2/25/25,Mid,15,10:00,FDEP_Y2,R4,1,1.4,3,10.47,DNE,,,,,0.709,,,Yes
2/25/25,Mid,15,10:00,FDEP_Y2,P4,1,1.5,1,13.26,DNE,,,,,0.704,,,Yes
2/25/25,Mid,15,10:00,FDEP_Y2,P4,1,1.5,2,13.26,DNE,,,,,0.697,,,Yes
2/25/25,Mid,15,10:00,FDEP_Y2,P4,1,1.5,3,13.26,DNE,,,,,0.717,,,Yes
2/25/25,Mid,15,10:00,FDEP_Y2,Control,1,2.1,1,15.98,DNE,,,,,0.715,,,Yes
2/25/25,Mid,15,10:00,FDEP_Y2,Control,1,2.1,2,15.98,DNE,,,,,0.699,,,Yes
2/25/25,Mid,15,10:00,FDEP_Y2,Control,1,2.1,3,15.98,DNE,,,,,0.693,,,Yes
2/25/25,Mid,15,10:00,FDEP_Y2,P15,1,2.2,1,13.99,DNE,,,,,0.699,,,Yes
2/25/25,Mid,15,10:00,FDEP_Y2,P15,1,2.2,2,13.99,DNE,,,,,0.665,,,Yes
2/25/25,Mid,15,10:00,FDEP_Y2,P15,1,2.2,3,13.99,DNE,,,,,0.709,,,Yes
2/25/25,Mid,15,10:00,FDEP_Y2,P4,1,2.3,1,21.59,DNE,,,,,0.717,,,Yes
2/25/25,Mid,15,10:00,FDEP_Y2,P4,1,2.3,2,21.59,DNE,,,,,0.709,,,Yes
2/25/25,Mid,15,10:00,FDEP_Y2,P4,1,2.3,3,21.59,DNE,,,,,0.711,,,Yes
2/25/25,Mid,15,10:00,FDEP_Y2,R4,1,2.4,1,12.73,DNE,,,,,0.701,,,Yes
2/25/25,Mid,15,10:00,FDEP_Y2,R4,1,2.4,2,12.73,DNE,,,,,0.702,,,Yes
2/25/25,Mid,15,10:00,FDEP_Y2,R4,1,2.4,3,12.73,DNE,,,,,0.716,,,Yes
2/25/25,Mid,15,10:00,FDEP_Y2,R15,1,2.5,1,12.81,DNE,,,,,0.687,,,Yes
2/25/25,Mid,15,10:00,FDEP_Y2,R15,1,2.5,2,12.81,DNE,,,,,0.706,,,Yes
2/25/25,Mid,15,10:00,FDEP_Y2,R15,1,2.5,3,12.81,DNE,,,,,0.699,,,Yes
3/14/25,Post,30,8:50,FDEP_Y2,R15,1,1.1,1,16.07,,,,,,0.716,,,Yes
3/14/25,Post,30,8:50,FDEP_Y2,R15,1,1.1,2,16.07,,,,,,0.656,,,Yes
3/14/25,Post,30,8:50,FDEP_Y2,R15,1,1.1,3,16.07,,,,,,0.76,,,Yes
3/14/25,Post,30,8:50,FDEP_Y2,P15,1,1.2,1,12.72,,,,,,0.713,,,Yes
3/14/25,Post,30,8:50,FDEP_Y2,P15,1,1.2,2,12.72,,,,,,0.637,,,Yes
3/14/25,Post,30,8:50,FDEP_Y2,P15,1,1.2,3,12.72,,,,,,0.711,,,Yes
3/14/25,Post,30,8:50,FDEP_Y2,Control,1,1.3,1,21.68,,,,,,0.673,,,Yes
3/14/25,Post,30,8:50,FDEP_Y2,Control,1,1.3,2,21.67,,,,,,0.667,,,Yes
3/14/25,Post,30,8:50,FDEP_Y2,Control,1,1.3,3,21.67,,,,,,0.701,,,Yes
3/14/25,Post,30,8:50,FDEP_Y2,R4,1,1.4,1,14.28,,,,,,0.691,,,Yes
3/14/25,Post,30,8:50,FDEP_Y2,R4,1,1.4,2,14.31,,,,,,0.531,,,Yes
3/14/25,Post,30,8:50,FDEP_Y2,R4,1,1.4,3,14.31,,,,,,0.696,,,Yes
3/14/25,Post,30,8:50,FDEP_Y2,P4,1,1.5,1,12.84,,,,,,0.602,,,Yes
3/14/25,Post,30,8:50,FDEP_Y2,P4,1,1.5,2,12.84,,,,,,0.659,,,Yes
3/14/25,Post,30,8:50,FDEP_Y2,P4,1,1.5,3,12.84,,,,,,0.642,,,Yes
3/14/25,Post,30,8:50,FDEP_Y2,Control,1,2.1,1,13.93,,,,,,0.693,,,Yes
3/14/25,Post,30,8:50,FDEP_Y2,Control,1,2.1,2,13.94,,,,,,0.656,,,Yes
3/14/25,Post,30,8:50,FDEP_Y2,Control,1,2.1,3,13.94,,,,,,0.716,,,Yes
3/14/25,Post,30,8:50,FDEP_Y2,P15,1,2.2,1,10.6,,,,,,0.65,,,Yes
3/14/25,Post,30,8:50,FDEP_Y2,P15,1,2.2,2,10.6,,,,,,0.651,,,Yes
3/14/25,Post,30,8:50,FDEP_Y2,P15,1,2.2,3,10.6,,,,,,0.627,,,Yes
3/14/25,Post,30,8:50,FDEP_Y2,P4,1,2.3,1,12.96,,,,,,0.687,,,Yes
3/14/25,Post,30,8:50,FDEP_Y2,P4,1,2.3,2,12.96,,,,,,0.684,,,Yes
3/14/25,Post,30,8:50,FDEP_Y2,P4,1,2.3,3,12.96,,,,,,0.664,,,Yes
3/14/25,Post,30,8:50,FDEP_Y2,R4,1,2.4,1,13.43,,,,,,0.665,,,Yes
3/14/25,Post,30,8:50,FDEP_Y2,R4,1,2.4,2,13.44,,,,,,0.652,,,Yes
3/14/25,Post,30,8:50,FDEP_Y2,R4,1,2.4,3,13.44,,,,,,0.685,,,Yes
3/14/25,Post,30,8:50,FDEP_Y2,R15,1,2.5,1,15.11,,,,,,0.653,,,Yes
3/14/25,Post,30,8:50,FDEP_Y2,R15,1,2.5,2,15.1,,,,,,0.703,,,Yes
3/14/25,Post,30,8:50,FDEP_Y2,R15,1,2.5,3,15.11,,,,,,0.758,,,Yes
3/28/25,Recovery_W1,44,9:45,FDEP_Y2,R15,1,1.1,1,7.89,17.27,10,0.789,,,0.706,,,Yes
3/28/25,Recovery_W1,44,9:45,FDEP_Y2,R15,1,1.1,2,7.89,18.26,10,0.789,,,0.627,,,Yes
3/28/25,Recovery_W1,44,9:45,FDEP_Y2,R15,1,1.1,3,7.89,18.27,10,0.789,,,0.635,,,Yes
3/28/25,Recovery_W1,44,9:45,FDEP_Y2,P15,1,1.2,1,4.99,10.44,5,0.998,,,0.49,,,Yes
3/28/25,Recovery_W1,44,9:45,FDEP_Y2,P15,1,1.2,2,5,10.44,5,1,,,0.581,,,Yes
3/28/25,Recovery_W1,44,9:45,FDEP_Y2,P15,1,1.2,3,5.01,10.44,5,1.002,,,0.478,,,Yes
3/28/25,Recovery_W1,44,9:45,FDEP_Y2,Control,1,1.3,1,8.83,18.95,10,0.883,,,0.574,,,Yes
3/28/25,Recovery_W1,44,9:45,FDEP_Y2,Control,1,1.3,2,8.83,18.94,10,0.883,,,0.587,,,Yes
3/28/25,Recovery_W1,44,9:45,FDEP_Y2,Control,1,1.3,3,8.84,18.91,10,0.884,,,0.613,,,Yes
3/28/25,Recovery_W1,44,9:45,FDEP_Y2,R4,1,1.4,1,6.38,13.66,7,0.911,,,0.578,,,Yes
3/28/25,Recovery_W1,44,9:45,FDEP_Y2,R4,1,1.4,2,6.37,13.65,7,0.910,,,0.551,,,Yes
3/28/25,Recovery_W1,44,9:45,FDEP_Y2,R4,1,1.4,3,6.38,13.65,7,0.911,,,0.597,,,Yes
3/28/25,Recovery_W1,44,9:45,FDEP_Y2,P4,1,1.5,1,6.13,13.94,10,0.613,,,0.598,,,Yes
3/28/25,Recovery_W1,44,9:45,FDEP_Y2,P4,1,1.5,2,6.13,13.93,10,0.613,,,0.52,,,Yes
3/28/25,Recovery_W1,44,9:45,FDEP_Y2,P4,1,1.5,3,6.13,13.92,10,0.613,,,0.526,,,Yes
3/28/25,Recovery_W1,44,9:45,FDEP_Y2,Control,1,2.1,1,6.67,14.57,8,0.834,,,0.677,,,Yes
3/28/25,Recovery_W1,44,9:45,FDEP_Y2,Control,1,2.1,2,6.69,14.57,8,0.836,,,0.584,,,Yes
3/28/25,Recovery_W1,44,9:45,FDEP_Y2,Control,1,2.1,3,6.68,14.56,8,0.835,,,0.687,,,Yes
3/28/25,Recovery_W1,44,9:45,FDEP_Y2,P15,1,2.2,1,4.79,8.57,6,0.798,,,0.593,,,Yes
3/28/25,Recovery_W1,44,9:45,FDEP_Y2,P15,1,2.2,2,4.75,8.56,6,0.792,,,0.569,,,Yes
3/28/25,Recovery_W1,44,9:45,FDEP_Y2,P15,1,2.2,3,4.75,8.55,6,0.792,,,0.542,,,Yes
3/28/25,Recovery_W1,44,9:45,FDEP_Y2,P4,1,2.3,1,3.7,14.41,5,0.740,,,0.578,,,Yes
3/28/25,Recovery_W1,44,9:45,FDEP_Y2,P4,1,2.3,2,3.7,14.39,5,0.740,,,0.558,,,Yes
3/28/25,Recovery_W1,44,9:45,FDEP_Y2,P4,1,2.3,3,3.7,14.38,5,0.740,,,0.64,,,Yes
3/28/25,Recovery_W1,44,9:45,FDEP_Y2,R4,1,2.4,1,6.49,9.91,10,0.649,,,0.607,,,Yes
3/28/25,Recovery_W1,44,9:45,FDEP_Y2,R4,1,2.4,2,6.48,9.9,10,0.648,,,0.572,,,Yes
3/28/25,Recovery_W1,44,9:45,FDEP_Y2,R4,1,2.4,3,6.48,9.9,10,0.648,,,0.625,,,Yes
3/28/25,Recovery_W1,44,9:45,FDEP_Y2,R15,1,2.5,1,4.28,,5,0.856,,,0.649,,,Yes
3/28/25,Recovery_W1,44,9:45,FDEP_Y2,R15,1,2.5,2,4.28,,5,0.856,,,0.607,,,Yes
3/28/25,Recovery_W1,44,9:45,FDEP_Y2,R15,1,2.5,3,4.28,,5,0.856,,,0.603,,,Yes
4/4/25,Recovery_W2,51,9:00,FDEP_Y2,R15,1,1.1,1,7.97,17.28,10,0.797,,,0.57,,,Yes
4/4/25,Recovery_W2,51,9:00,FDEP_Y2,R15,1,1.1,2,7.97,16.66,10,0.797,,,0.596,,,Yes
4/4/25,Recovery_W2,51,9:00,FDEP_Y2,R15,1,1.1,3,7.97,16.66,10,0.797,,,0.572,,,Yes
4/4/25,Recovery_W2,51,9:00,FDEP_Y2,P15,1,1.2,1,5.01,10.27,6,0.835,,,0.635,,,Yes
4/4/25,Recovery_W2,51,9:00,FDEP_Y2,P15,1,1.2,2,5.01,10.03,6,0.835,,,0.536,,,Yes
4/4/25,Recovery_W2,51,9:00,FDEP_Y2,P15,1,1.2,3,5.01,10.02,6,0.835,,,0.498,,,Yes
4/4/25,Recovery_W2,51,9:00,FDEP_Y2,Control,1,1.3,1,8.87,18.69,10,0.887,,,0.586,,,Yes
4/4/25,Recovery_W2,51,9:00,FDEP_Y2,Control,1,1.3,2,8.87,18.4,10,0.887,,,0.552,,,Yes
4/4/25,Recovery_W2,51,9:00,FDEP_Y2,Control,1,1.3,3,8.87,18.35,10,0.887,,,0.552,,,Yes
4/4/25,Recovery_W2,51,9:00,FDEP_Y2,R4,1,1.4,1,6.42,13.59,10,0.642,,,0.524,,,Yes
4/4/25,Recovery_W2,51,9:00,FDEP_Y2,R4,1,1.4,2,6.42,13.47,10,0.642,,,0.528,,,Yes
4/4/25,Recovery_W2,51,9:00,FDEP_Y2,R4,1,1.4,3,6.42,13.43,10,0.642,,,0.523,,,Yes
4/4/25,Recovery_W2,51,9:00,FDEP_Y2,P4,1,1.5,1,6.18,13.37,8,0.773,,,0.569,,,Yes
4/4/25,Recovery_W2,51,9:00,FDEP_Y2,P4,1,1.5,2,6.17,13.08,8,0.771,,,0.555,,,Yes
4/4/25,Recovery_W2,51,9:00,FDEP_Y2,P4,1,1.5,3,6.17,13.05,8,0.771,,,0.566,,,Yes
4/4/25,Recovery_W2,51,9:00,FDEP_Y2,Control,1,2.1,1,6.69,14.4,8,0.836,,,0.594,,,Yes
4/4/25,Recovery_W2,51,9:00,FDEP_Y2,Control,1,2.1,2,6.7,13.94,8,0.838,,,0.548,,,Yes
4/4/25,Recovery_W2,51,9:00,FDEP_Y2,Control,1,2.1,3,6.69,13.89,8,0.836,,,0.588,,,Yes
4/4/25,Recovery_W2,51,9:00,FDEP_Y2,P15,1,2.2,1,4.88,11.18,6,0.813,,,0.479,,,Yes
4/4/25,Recovery_W2,51,9:00,FDEP_Y2,P15,1,2.2,2,4.88,10.63,6,0.813,,,0.446,,,Yes
4/4/25,Recovery_W2,51,9:00,FDEP_Y2,P15,1,2.2,3,4.88,10.59,6,0.813,,,0.539,,,Yes
4/4/25,Recovery_W2,51,9:00,FDEP_Y2,P4,1,2.3,1,3.81,8.21,4,0.953,,,0.536,,,Yes
4/4/25,Recovery_W2,51,9:00,FDEP_Y2,P4,1,2.3,2,3.8,8.08,4,0.950,,,0.557,,,Yes
4/4/25,Recovery_W2,51,9:00,FDEP_Y2,P4,1,2.3,3,3.8,8.07,4,0.950,,,0.5,,,Yes
4/4/25,Recovery_W2,51,9:00,FDEP_Y2,R4,1,2.4,1,6.58,14.1,8,0.823,,,0.498,,,Yes
4/4/25,Recovery_W2,51,9:00,FDEP_Y2,R4,1,2.4,2,6.58,13.94,8,0.823,,,0.513,,,Yes
4/4/25,Recovery_W2,51,9:00,FDEP_Y2,R4,1,2.4,3,6.58,13.91,8,0.823,,,0.513,,,Yes
4/4/25,Recovery_W2,51,9:00,FDEP_Y2,R15,1,2.5,1,4.35,10.03,5,0.870,,,0.505,,,Yes
4/4/25,Recovery_W2,51,9:00,FDEP_Y2,R15,1,2.5,2,4.35,9.76,5,0.870,,,0.545,,,Yes
4/4/25,Recovery_W2,51,9:00,FDEP_Y2,R15,1,2.5,3,4.35,9.75,5,0.870,,,0.619,,,Yes
4/8/25,Mid,15,10:00,FDEP_Y2,R15,2,3.1,1,15,31.48,15,1.000,,,0.633,,,Yes
4/8/25,Mid,15,10:00,FDEP_Y2,R15,2,3.1,2,15,31.02,15,1.000,,,0.653,,,Yes
4/8/25,Mid,15,10:00,FDEP_Y2,R15,2,3.1,3,15,31.33,15,1.000,,,0.632,,,Yes
4/8/25,Mid,15,10:00,FDEP_Y2,P4,2,3.2,1,18.75,38.02,19,0.987,,,0.652,,,Yes
4/8/25,Mid,15,10:00,FDEP_Y2,P4,2,3.2,2,18.77,38.57,19,0.988,,,0.636,,,Yes
4/8/25,Mid,15,10:00,FDEP_Y2,P4,2,3.2,3,18.6,38.26,19,0.979,,,0.695,,,Yes
4/8/25,Mid,15,10:00,FDEP_Y2,Control,2,3.3,1,17,35.25,19,0.895,,,0.583,,,Yes
4/8/25,Mid,15,10:00,FDEP_Y2,Control,2,3.3,2,17.03,35.19,18,0.946,,,0.628,,,Yes
4/8/25,Mid,15,10:00,FDEP_Y2,Control,2,3.3,3,17.06,35.54,18,0.948,,,0.614,,,Yes
4/8/25,Mid,15,10:00,FDEP_Y2,P15,2,3.4,1,14.1,29.29,14,1.007,,,0.674,,,Yes
4/8/25,Mid,15,10:00,FDEP_Y2,P15,2,3.4,2,14.02,28.76,17,0.825,,,0.606,,,Yes
4/8/25,Mid,15,10:00,FDEP_Y2,P15,2,3.4,3,14.1,29.42,15,0.940,,,0.644,,,Yes
4/8/25,Mid,15,10:00,FDEP_Y2,R4,2,3.5,1,14.73,31.05,15,0.982,,,0.632,,,Yes
4/8/25,Mid,15,10:00,FDEP_Y2,R4,2,3.5,2,14.73,30.35,17,0.866,,,0.618,,,Yes
4/8/25,Mid,15,10:00,FDEP_Y2,R4,2,3.5,3,14.73,30.28,15,0.982,,,0.62,,,Yes
4/8/25,Mid,15,10:00,FDEP_Y2,P4,2,69.1,1,15.21,32.4,15,1.014,,,0.692,,,Yes
4/8/25,Mid,15,10:00,FDEP_Y2,P4,2,69.1,2,15.2,31.52,20,0.760,,,0.646,,,Yes
4/8/25,Mid,15,10:00,FDEP_Y2,P4,2,69.1,3,15.2,31.98,15,1.013,,,0.692,,,Yes
4/8/25,Mid,15,10:00,FDEP_Y2,R4,2,69.2,1,17.25,36.08,18,0.958,,,0.656,,,Yes
4/8/25,Mid,15,10:00,FDEP_Y2,R4,2,69.2,2,17.24,36.32,19,0.907,,,0.609,,,Yes
4/8/25,Mid,15,10:00,FDEP_Y2,R4,2,69.2,3,17.22,36.42,19,0.906,,,0.58,,,Yes
4/8/25,Mid,15,10:00,FDEP_Y2,P15,2,69.3,1,14.25,30.82,15,0.950,,,0.644,,,Yes
4/8/25,Mid,15,10:00,FDEP_Y2,P15,2,69.3,2,14.23,31.16,17,0.837,,,0.656,,,Yes
4/8/25,Mid,15,10:00,FDEP_Y2,P15,2,69.3,3,14.17,31.1,15,0.945,,,0.624,,,Yes
4/8/25,Mid,15,10:00,FDEP_Y2,Control,2,69.4,1,13.8,30.19,15,0.920,,,0.63,,,Yes
4/8/25,Mid,15,10:00,FDEP_Y2,Control,2,69.4,2,13.84,29.93,15,0.923,,,0.631,,,Yes
4/8/25,Mid,15,10:00,FDEP_Y2,Control,2,69.4,3,13.93,30.16,16,0.871,,,0.617,,,Yes
4/8/25,Mid,15,10:00,FDEP_Y2,R15,2,69.5,1,10.04,21.81,10,1.004,,,0.613,,,Yes
4/8/25,Mid,15,10:00,FDEP_Y2,R15,2,69.5,2,10.04,21.08,10,1.004,,,0.636,,,Yes
4/8/25,Mid,15,10:00,FDEP_Y2,R15,2,69.5,3,10.04,20.96,10,1.004,,,0.569,,,Yes
4/11/25,Recovery_W3,51,10:00,FDEP_Y2,R15,1,1.1,1,8.02,17.42,10,0.802,,,0.621,,,Yes
4/11/25,Recovery_W3,51,10:00,FDEP_Y2,R15,1,1.1,2,8.02,17.42,10,0.802,,,0.613,,,Yes
4/11/25,Recovery_W3,51,10:00,FDEP_Y2,R15,1,1.1,3,8.03,16.91,10,0.803,,,0.606,,,Yes
4/11/25,Recovery_W3,51,10:00,FDEP_Y2,P15,1,1.2,1,5.04,10.59,5,1.008,,,0.549,,,Yes
4/11/25,Recovery_W3,51,10:00,FDEP_Y2,P15,1,1.2,2,5.04,10.2,5,1.008,,,0.543,,,Yes
4/11/25,Recovery_W3,51,10:00,FDEP_Y2,P15,1,1.2,3,5.04,10.1,5,1.008,,,0.516,,,Yes
4/11/25,Recovery_W3,51,10:00,FDEP_Y2,Control,1,1.3,1,8.94,19.07,10,0.894,,,0.617,,,Yes
4/11/25,Recovery_W3,51,10:00,FDEP_Y2,Control,1,1.3,2,8.95,18.66,10,0.895,,,0.561,,,Yes
4/11/25,Recovery_W3,51,10:00,FDEP_Y2,Control,1,1.3,3,8.95,18.52,10,0.895,,,0.548,,,Yes
4/11/25,Recovery_W3,51,10:00,FDEP_Y2,R4,1,1.4,1,6.52,14.45,10,0.652,,,0.535,,,Yes
4/11/25,Recovery_W3,51,10:00,FDEP_Y2,R4,1,1.4,2,6.52,13.77,10,0.652,,,0.528,,,Yes
4/11/25,Recovery_W3,51,10:00,FDEP_Y2,R4,1,1.4,3,6.52,13.61,10,0.652,,,0.585,,,Yes
4/11/25,Recovery_W3,51,10:00,FDEP_Y2,P4,1,1.5,1,6.24,13.68,10,0.624,,,0.553,,,Yes
4/11/25,Recovery_W3,51,10:00,FDEP_Y2,P4,1,1.5,2,6.24,13.4,10,0.624,,,0.552,,,Yes
4/11/25,Recovery_W3,51,10:00,FDEP_Y2,P4,1,1.5,3,6.24,13.25,10,0.624,,,0.55,,,Yes
4/11/25,Recovery_W3,51,10:00,FDEP_Y2,Control,1,2.1,1,6.55,14.54,7,0.936,,,0.603,,,Yes
4/11/25,Recovery_W3,51,10:00,FDEP_Y2,Control,1,2.1,2,6.55,14.09,7,0.936,,,0.621,,,Yes
4/11/25,Recovery_W3,51,10:00,FDEP_Y2,Control,1,2.1,3,6.55,14.02,7,0.936,,,0.652,,,Yes
4/11/25,Recovery_W3,51,10:00,FDEP_Y2,P15,1,2.2,1,4.91,10.92,7,0.701,,,0.565,,,Yes
4/11/25,Recovery_W3,51,10:00,FDEP_Y2,P15,1,2.2,2,4.9,10.66,7,0.700,,,0.523,,,Yes
4/11/25,Recovery_W3,51,10:00,FDEP_Y2,P15,1,2.2,3,4.91,10.55,7,0.701,,,0.561,,,Yes
4/11/25,Recovery_W3,51,10:00,FDEP_Y2,P4,1,2.3,1,3.78,8.32,5,0.756,,,0.556,,,Yes
4/11/25,Recovery_W3,51,10:00,FDEP_Y2,P4,1,2.3,2,3.78,8.11,5,0.756,,,0.59,,,Yes
4/11/25,Recovery_W3,51,10:00,FDEP_Y2,P4,1,2.3,3,3.77,8.04,5,0.754,,,0.525,,,Yes
4/11/25,Recovery_W3,51,10:00,FDEP_Y2,R4,1,2.4,1,6.63,14.49,10,0.663,,,0.503,,,Yes
4/11/25,Recovery_W3,51,10:00,FDEP_Y2,R4,1,2.4,2,6.63,14.04,10,0.663,,,0.545,,,Yes
4/11/25,Recovery_W3,51,10:00,FDEP_Y2,R4,1,2.4,3,6.63,13.93,10,0.663,,,0.568,,,Yes
4/11/25,Recovery_W3,51,10:00,FDEP_Y2,R15,1,2.5,1,4.35,10.04,5,0.870,,,0.54,,,Yes
4/11/25,Recovery_W3,51,10:00,FDEP_Y2,R15,1,2.5,2,4.35,9.78,5,0.870,,,0.561,,,Yes
4/11/25,Recovery_W3,51,10:00,FDEP_Y2,R15,1,2.5,3,4.35,9.7,5,0.870,,,0.617,,,Yes
4/18/25,Recovery_W4,85,10:00,FDEP_Y2,R15,1,1.1,1,8.86,17.65,10,0.886,,,0.601,,,Yes
4/18/25,Recovery_W4,85,10:00,FDEP_Y2,R15,1,1.1,2,8.87,17.25,10,0.887,,,0.594,,,Yes
4/18/25,Recovery_W4,85,10:00,FDEP_Y2,R15,1,1.1,3,8.89,17.15,10,0.889,,,0.59,,,Yes
4/18/25,Recovery_W4,85,10:00,FDEP_Y2,P15,1,1.2,1,5.03,10.24,4.9,1.027,,,0.593,,,Yes
4/18/25,Recovery_W4,85,10:00,FDEP_Y2,P15,1,1.2,2,5.03,10.1,4.9,1.027,,,0.518,,,Yes
4/18/25,Recovery_W4,85,10:00,FDEP_Y2,P15,1,1.2,3,5.03,10.09,4.9,1.027,,,0.472,,,Yes
4/18/25,Recovery_W4,85,10:00,FDEP_Y2,Control,1,1.3,1,8.89,19.14,11,0.808,,,0.534,,,Yes
4/18/25,Recovery_W4,85,10:00,FDEP_Y2,Control,1,1.3,2,8.89,18.96,11,0.808,,,0.483,,,Yes
4/18/25,Recovery_W4,85,10:00,FDEP_Y2,Control,1,1.3,3,8.89,18.77,11,0.808,,,0.492,,,Yes
4/18/25,Recovery_W4,85,10:00,FDEP_Y2,R4,1,1.4,1,6.53,13.91,5,1.306,,,0.493,,,Yes
4/18/25,Recovery_W4,85,10:00,FDEP_Y2,R4,1,1.4,2,6.54,13.73,5,1.308,,,0.519,,,Yes
4/18/25,Recovery_W4,85,10:00,FDEP_Y2,R4,1,1.4,3,6.54,13.68,5,1.308,,,0.51,,,Yes
4/18/25,Recovery_W4,85,10:00,FDEP_Y2,P4,1,1.5,1,6.28,13.4,5.1,1.231,,,0.577,,,Yes
4/18/25,Recovery_W4,85,10:00,FDEP_Y2,P4,1,1.5,2,6.26,13.3,5.1,1.227,,,0.54,,,Yes
4/18/25,Recovery_W4,85,10:00,FDEP_Y2,P4,1,1.5,3,6.26,13.27,5.1,1.227,,,0.578,,,Yes
4/18/25,Recovery_W4,85,10:00,FDEP_Y2,Control,1,2.1,1,6.68,14.06,11,0.607,,,0.586,,,Yes
4/18/25,Recovery_W4,85,10:00,FDEP_Y2,Control,1,2.1,2,6.68,13.93,11,0.607,,,0.58,,,Yes
4/18/25,Recovery_W4,85,10:00,FDEP_Y2,Control,1,2.1,3,6.68,13.86,11,0.607,,,0.635,,,Yes
4/18/25,Recovery_W4,85,10:00,FDEP_Y2,P15,1,2.2,1,4.9,10.76,8.1,0.605,,,0.543,,,Yes
4/18/25,Recovery_W4,85,10:00,FDEP_Y2,P15,1,2.2,2,4.9,10.58,8.1,0.605,,,0.505,,,Yes
4/18/25,Recovery_W4,85,10:00,FDEP_Y2,P15,1,2.2,3,4.9,10.51,8.1,0.605,,,0.559,,,Yes
4/18/25,Recovery_W4,85,10:00,FDEP_Y2,P4,1,2.3,1,3.68,8.43,2.5,1.472,,,0.537,,,Yes
4/18/25,Recovery_W4,85,10:00,FDEP_Y2,P4,1,2.3,2,3.68,8.05,2.5,1.472,,,0.5,,,Yes
4/18/25,Recovery_W4,85,10:00,FDEP_Y2,P4,1,2.3,3,3.68,7.97,2.5,1.472,,,0.509,,,Yes
4/18/25,Recovery_W4,85,10:00,FDEP_Y2,R4,1,2.4,1,6.63,14.54,9,0.737,,,0.535,,,Yes
4/18/25,Recovery_W4,85,10:00,FDEP_Y2,R4,1,2.4,2,6.63,14.14,9,0.737,,,0.513,,,Yes
4/18/25,Recovery_W4,85,10:00,FDEP_Y2,R4,1,2.4,3,6.63,14.08,9,0.737,,,0.527,,,Yes
4/18/25,Recovery_W4,85,10:00,FDEP_Y2,R15,1,2.5,1,4.36,10.39,6.1,0.715,,,0.512,,,Yes
4/18/25,Recovery_W4,85,10:00,FDEP_Y2,R15,1,2.5,2,4.36,9.84,6.1,0.715,,,0.503,,,Yes
4/18/25,Recovery_W4,85,10:00,FDEP_Y2,R15,1,2.5,3,4.36,9.83,6.1,0.715,,,0.493,,,Yes
4/24/25,Post,30,13:00,FDEP_Y2,R15,2,3.1,1,15.16,31.45,17,0.892,,,0.623,,,Yes
4/24/25,Post,30,13:00,FDEP_Y2,R15,2,3.1,2,15.16,31.32,16.9,0.897,,,0.622,,,Yes
4/24/25,Post,30,13:00,FDEP_Y2,R15,2,3.1,3,15.16,31.25,16.8,0.902,,,0.571,,,Yes
4/24/25,Post,30,13:00,FDEP_Y2,P4,2,3.2,1,18.7,38.26,20,0.935,,,0.572,,,Yes
4/24/25,Post,30,13:00,FDEP_Y2,P4,2,3.2,2,18.69,37.92,19.5,0.958,,,0.646,,,Yes
4/24/25,Post,30,13:00,FDEP_Y2,P4,2,3.2,3,18.69,37.87,20,0.935,,,0.629,,,Yes
4/24/25,Post,30,13:00,FDEP_Y2,Control,2,3.3,1,17.14,36.14,15,1.143,,,0.546,,,Yes
4/24/25,Post,30,13:00,FDEP_Y2,Control,2,3.3,2,17.08,35.51,15,1.139,,,0.562,,,Yes
4/24/25,Post,30,13:00,FDEP_Y2,Control,2,3.3,3,17.06,35.27,15,1.137,,,0.563,,,Yes
4/24/25,Post,30,13:00,FDEP_Y2,P15,2,3.4,1,14.38,29.92,15,0.959,,,0.601,,,Yes
4/24/25,Post,30,13:00,FDEP_Y2,P15,2,3.4,2,15.11,29.59,15,1.007,,,0.631,,,Yes
4/24/25,Post,30,13:00,FDEP_Y2,P15,2,3.4,3,14.39,29.51,15,0.959,,,0.587,,,Yes
4/24/25,Post,30,13:00,FDEP_Y2,R4,2,3.5,1,14.85,31.43,16,0.928,,,0.577,,,Yes
4/24/25,Post,30,13:00,FDEP_Y2,R4,2,3.5,2,15,30.77,16,0.938,,,0.558,,,Yes
4/24/25,Post,30,13:00,FDEP_Y2,R4,2,3.5,3,14.85,30.66,16,0.928,,,0.602,,,Yes
4/24/25,Post,30,13:00,FDEP_Y2,P4,2,69.1,1,15.21,32.35,18,0.845,,,0.686,,,Yes
4/24/25,Post,30,13:00,FDEP_Y2,P4,2,69.1,2,15.23,31.89,18,0.846,,,0.699,,,Yes
4/24/25,Post,30,13:00,FDEP_Y2,P4,2,69.1,3,15.23,31.83,18,0.846,,,0.704,,,Yes
4/24/25,Post,30,13:00,FDEP_Y2,R4,2,69.2,1,17.54,36.42,16,1.096,,,0.513,,,Yes
4/24/25,Post,30,13:00,FDEP_Y2,R4,2,69.2,2,17.53,35.98,16,1.096,,,0.577,,,Yes
4/24/25,Post,30,13:00,FDEP_Y2,R4,2,69.2,3,17.51,35.92,16,1.094,,,0.596,,,Yes
4/24/25,Post,30,13:00,FDEP_Y2,P15,2,69.3,1,14.47,30.47,16,0.904,,,0.597,,,Yes
4/24/25,Post,30,13:00,FDEP_Y2,P15,2,69.3,2,14.49,30.48,16,0.906,,,0.604,,,Yes
4/24/25,Post,30,13:00,FDEP_Y2,P15,2,69.3,3,14.48,30.46,16,0.905,,,0.604,,,Yes
4/24/25,Post,30,13:00,FDEP_Y2,Control,2,69.4,1,14.07,30.21,15.5,0.908,,,0.563,,,Yes
4/24/25,Post,30,13:00,FDEP_Y2,Control,2,69.4,2,13.97,30.03,15.5,0.901,,,0.562,,,Yes
4/24/25,Post,30,13:00,FDEP_Y2,Control,2,69.4,3,13.97,30.29,15.5,0.901,,,0.591,,,Yes
4/24/25,Post,30,13:00,FDEP_Y2,R15,2,69.5,1,10.33,21.46,9,1.148,,,0.627,,,Yes
4/24/25,Post,30,13:00,FDEP_Y2,R15,2,69.5,2,10.29,21.27,9,1.143,,,0.653,,,Yes
4/24/25,Post,30,13:00,FDEP_Y2,R15,2,69.5,3,10.28,21.17,9,1.142,,,0.642,,,Yes
5/2/25,Recovery_W5,92,9:00,FDEP_Y2,R15,1,1.1,1,5.09,17.82,9,0.566,,,0.524,,,Yes
5/2/25,Recovery_W5,92,9:00,FDEP_Y2,R15,1,1.1,2,7.93,17.36,9,0.881,,,0.502,,,Yes
5/2/25,Recovery_W5,92,9:00,FDEP_Y2,R15,1,1.1,3,7.93,17.35,9,0.881,,,0.585,,,Yes
5/2/25,Recovery_W5,92,9:00,FDEP_Y2,P15,1,1.2,1,5.1,10.32,4,1.275,,,0.482,,,Yes
5/2/25,Recovery_W5,92,9:00,FDEP_Y2,P15,1,1.2,2,5.09,10.18,4,1.273,,,0.505,,,Yes
5/2/25,Recovery_W5,92,9:00,FDEP_Y2,P15,1,1.2,3,5.09,10.22,4,1.273,,,0.496,,,Yes
5/2/25,Recovery_W5,92,9:00,FDEP_Y2,Control,1,1.3,1,9.18,19.93,10,0.918,,,0.525,,,Yes
5/2/25,Recovery_W5,92,9:00,FDEP_Y2,Control,1,1.3,2,9.18,19.33,10,0.918,,,0.51,,,Yes
5/2/25,Recovery_W5,92,9:00,FDEP_Y2,Control,1,1.3,3,9.19,19.29,10,0.919,,,0.568,,,Yes
5/2/25,Recovery_W5,92,9:00,FDEP_Y2,R4,1,1.4,1,6.67,13.88,6,1.112,,,0.606,,,Yes
5/2/25,Recovery_W5,92,9:00,FDEP_Y2,R4,1,1.4,2,6.7,13.87,6,1.117,,,0.527,,,Yes
5/2/25,Recovery_W5,92,9:00,FDEP_Y2,R4,1,1.4,3,6.7,13.88,6,1.117,,,0.507,,,Yes
5/2/25,Recovery_W5,92,9:00,FDEP_Y2,P4,1,1.5,1,6.41,13.56,8,0.801,,,0.52,,,Yes
5/2/25,Recovery_W5,92,9:00,FDEP_Y2,P4,1,1.5,2,6.41,13.58,8,0.801,,,0.495,,,Yes
5/2/25,Recovery_W5,92,9:00,FDEP_Y2,P4,1,1.5,3,6.41,13.55,8,0.801,,,0.561,,,Yes
5/2/25,Recovery_W5,92,9:00,FDEP_Y2,Control,1,2.1,1,6.89,14.27,7,0.984,,,0.624,,,Yes
5/2/25,Recovery_W5,92,9:00,FDEP_Y2,Control,1,2.1,2,6.87,14.23,7,0.981,,,0.529,,,Yes
5/2/25,Recovery_W5,92,9:00,FDEP_Y2,Control,1,2.1,3,6.9,14.26,7,0.986,,,0.596,,,Yes
5/2/25,Recovery_W5,92,9:00,FDEP_Y2,P15,1,2.2,1,4.99,10.87,5,0.998,,,0.495,,,Yes
5/2/25,Recovery_W5,92,9:00,FDEP_Y2,P15,1,2.2,2,4.99,10.85,5,0.998,,,0.485,,,Yes
5/2/25,Recovery_W5,92,9:00,FDEP_Y2,P15,1,2.2,3,5,10.84,5,1.000,,,0.465,,,Yes
5/2/25,Recovery_W5,92,9:00,FDEP_Y2,P4,1,2.3,1,3.8,8.13,3,1.267,,,0.532,,,Yes
5/2/25,Recovery_W5,92,9:00,FDEP_Y2,P4,1,2.3,2,3.8,8.07,3,1.267,,,0.52,,,Yes
5/2/25,Recovery_W5,92,9:00,FDEP_Y2,P4,1,2.3,3,3.79,8.03,3,1.263,,,0.515,,,Yes
5/2/25,Recovery_W5,92,9:00,FDEP_Y2,R4,1,2.4,1,6.79,14.33,7.5,0.905,,,0.525,,,Yes
5/2/25,Recovery_W5,92,9:00,FDEP_Y2,R4,1,2.4,2,6.79,14.31,7.5,0.905,,,0.512,,,Yes
5/2/25,Recovery_W5,92,9:00,FDEP_Y2,R4,1,2.4,3,6.79,14.35,7.5,0.905,,,0.47,,,Yes
5/2/25,Recovery_W5,92,9:00,FDEP_Y2,R15,1,2.5,1,4.45,10.04,6,0.742,,,0.569,,,Yes
5/2/25,Recovery_W5,92,9:00,FDEP_Y2,R15,1,2.5,2,4.46,9.96,6,0.743,,,0.516,,,Yes
5/2/25,Recovery_W5,92,9:00,FDEP_Y2,R15,1,2.5,3,4.46,9.96,6,0.743,,,0.539,,,Yes
5/8/25,Recovery_W1,44,13:00,FDEP_Y2,R15,2,3.1,1,4.76,10.43,6,0.793,,,0.611,,,Yes
5/8/25,Recovery_W1,44,13:00,FDEP_Y2,R15,2,3.1,2,4.75,9.98,6,0.792,,,0.56,,,Yes
5/8/25,Recovery_W1,44,13:00,FDEP_Y2,R15,2,3.1,3,4.76,9.98,6,0.793,,,0.659,,,Yes
5/8/25,Recovery_W1,44,13:00,FDEP_Y2,P4,2,3.2,1,6.63,14.07,7,0.947,,,0.638,,,Yes
5/8/25,Recovery_W1,44,13:00,FDEP_Y2,P4,2,3.2,2,6.64,14.07,7,0.949,,,0.587,,,Yes
5/8/25,Recovery_W1,44,13:00,FDEP_Y2,P4,2,3.2,3,6.64,13.43,7,0.949,,,0.617,,,Yes
5/8/25,Recovery_W1,44,13:00,FDEP_Y2,Control,2,3.3,1,8.31,17.04,8,1.039,,,0.613,,,Yes
5/8/25,Recovery_W1,44,13:00,FDEP_Y2,Control,2,3.3,2,8.31,16.63,8,1.039,,,0.568,,,Yes
5/8/25,Recovery_W1,44,13:00,FDEP_Y2,Control,2,3.3,3,8.31,16.53,8,1.039,,,0.67,,,Yes
5/8/25,Recovery_W1,44,13:00,FDEP_Y2,P15,2,3.4,1,6.86,14.44,8,0.858,,,0.67,,,Yes
5/8/25,Recovery_W1,44,13:00,FDEP_Y2,P15,2,3.4,2,6.87,13.99,8,0.859,,,0.568,,,Yes
5/8/25,Recovery_W1,44,13:00,FDEP_Y2,P15,2,3.4,3,6.87,13.46,8,0.859,,,0.58,,,Yes
5/8/25,Recovery_W1,44,13:00,FDEP_Y2,R4,2,3.5,1,8.89,18.21,10,0.889,,,0.607,,,Yes
5/8/25,Recovery_W1,44,13:00,FDEP_Y2,R4,2,3.5,2,8.89,17.69,10,0.889,,,0.566,,,Yes
5/8/25,Recovery_W1,44,13:00,FDEP_Y2,R4,2,3.5,3,8.9,17.66,10,0.890,,,0.544,,,Yes
5/8/25,Recovery_W1,44,13:00,FDEP_Y2,P4,2,69.1,1,6.6,14.48,8,0.825,,,0.698,,,Yes
5/8/25,Recovery_W1,44,13:00,FDEP_Y2,P4,2,69.1,2,6.6,14.15,8,0.825,,,0.627,,,Yes
5/8/25,Recovery_W1,44,13:00,FDEP_Y2,P4,2,69.1,3,6.6,14.11,8,0.825,,,0.635,,,Yes
5/8/25,Recovery_W1,44,13:00,FDEP_Y2,R4,2,69.2,1,8.74,18.5,10,0.874,,,0.637,,,Yes
5/8/25,Recovery_W1,44,13:00,FDEP_Y2,R4,2,69.2,2,8.75,18.31,10,0.875,,,0.584,,,Yes
5/8/25,Recovery_W1,44,13:00,FDEP_Y2,R4,2,69.2,3,8.74,18.28,10,0.874,,,0.597,,,Yes
5/8/25,Recovery_W1,44,13:00,FDEP_Y2,P15,2,69.3,1,4.66,10.42,6,0.777,,,0.637,,,Yes
5/8/25,Recovery_W1,44,13:00,FDEP_Y2,P15,2,69.3,2,4.67,10.14,6,0.778,,,0.689,,,Yes
5/8/25,Recovery_W1,44,13:00,FDEP_Y2,P15,2,69.3,3,4.66,10.05,6,0.777,,,0.693,,,Yes
5/8/25,Recovery_W1,44,13:00,FDEP_Y2,Control,2,69.4,1,7.93,16.25,9,0.881,,,0.613,,,Yes
5/8/25,Recovery_W1,44,13:00,FDEP_Y2,Control,2,69.4,2,7.93,15.95,9,0.881,,,0.572,,,Yes
5/8/25,Recovery_W1,44,13:00,FDEP_Y2,Control,2,69.4,3,7.93,15.93,9,0.881,,,0.644,,,Yes
5/8/25,Recovery_W1,44,13:00,FDEP_Y2,R15,2,69.5,1,4.59,10.07,5,0.918,,,0.822,,,Yes
5/8/25,Recovery_W1,44,13:00,FDEP_Y2,R15,2,69.5,2,4.59,9.8,5,0.918,,,0.63,,,Yes
5/8/25,Recovery_W1,44,13:00,FDEP_Y2,R15,2,69.5,3,4.6,9.75,5,0.920,,,0.595,,,Yes
5/23/25,Recovery_W6,,9:00,FDEP_Y2,R15,1,1.1,1,8.24,18.6,9,0.916,,,0.555,,,Yes
5/23/25,Recovery_W6,,9:00,FDEP_Y2,R15,1,1.1,2,8.45,17.96,9,0.939,,,0.561,,,Yes
5/23/25,Recovery_W6,,9:00,FDEP_Y2,R15,1,1.1,3,8.45,17.9,9,0.939,,,0.564,,,Yes
5/23/25,Recovery_W6,,9:00,FDEP_Y2,P15,1,1.2,1,5.1,11.11,4,1.275,,,0.539,,,Yes
5/23/25,Recovery_W6,,9:00,FDEP_Y2,P15,1,1.2,2,5.1,10.66,4,1.275,,,0.547,,,Yes
5/23/25,Recovery_W6,,9:00,FDEP_Y2,P15,1,1.2,3,5.1,10.62,4,1.275,,,0.485,,,Yes
5/23/25,Recovery_W6,,9:00,FDEP_Y2,Control,1,1.3,1,9.34,20.61,10,0.934,,,0.533,,,No
5/23/25,Recovery_W6,,9:00,FDEP_Y2,Control,1,1.3,2,9.35,19.91,10,0.935,,,0.56,,,No
5/23/25,Recovery_W6,,9:00,FDEP_Y2,Control,1,1.3,3,9.34,19.23,10,0.934,,,0.519,,,No
5/23/25,Recovery_W6,,9:00,FDEP_Y2,R4,1,1.4,1,6.81,14.75,6,1.135,,,0.56,,,No
5/23/25,Recovery_W6,,9:00,FDEP_Y2,R4,1,1.4,2,6.81,14.45,6,1.135,,,0.522,,,No
5/23/25,Recovery_W6,,9:00,FDEP_Y2,R4,1,1.4,3,6.81,14.32,6,1.135,,,0.496,,,No
5/23/25,Recovery_W6,,9:00,FDEP_Y2,P4,1,1.5,1,6.51,14.51,8,0.814,,,0.545,,,No
5/23/25,Recovery_W6,,9:00,FDEP_Y2,P4,1,1.5,2,6.51,14.04,8,0.814,,,0.546,,,No
5/23/25,Recovery_W6,,9:00,FDEP_Y2,P4,1,1.5,3,6.51,14,8,0.814,,,0.55,,,No
5/23/25,Recovery_W6,,9:00,FDEP_Y2,Control,1,2.1,1,6.94,15.16,7,0.991,,,0.664,,,No
5/23/25,Recovery_W6,,9:00,FDEP_Y2,Control,1,2.1,2,6.94,15.13,7,0.991,,,0.662,,,No
5/23/25,Recovery_W6,,9:00,FDEP_Y2,Control,1,2.1,3,6.94,14.69,7,0.991,,,0.565,,,No
5/23/25,Recovery_W6,,9:00,FDEP_Y2,P15,1,2.2,1,5.03,11.66,5,1.006,,,0.559,,,No
5/23/25,Recovery_W6,,9:00,FDEP_Y2,P15,1,2.2,2,5.03,11.18,5,1.006,,,0.541,,,No
5/23/25,Recovery_W6,,9:00,FDEP_Y2,P15,1,2.2,3,5.03,11.15,5,1.006,,,0.41,,,No
5/23/25,Recovery_W6,,9:00,FDEP_Y2,P4,1,2.3,1,3.85,8.63,3,1.283,,,0.569,,,No
5/23/25,Recovery_W6,,9:00,FDEP_Y2,P4,1,2.3,2,3.85,8.39,3,1.283,,,0.486,,,No
5/23/25,Recovery_W6,,9:00,FDEP_Y2,P4,1,2.3,3,3.86,8.32,3,1.287,,,0.51,,,No
5/23/25,Recovery_W6,,9:00,FDEP_Y2,R4,1,2.4,1,6.9,15.5,7.5,0.920,,,0.557,,,No
5/23/25,Recovery_W6,,9:00,FDEP_Y2,R4,1,2.4,2,6.9,14.85,7.5,0.920,,,0.5,,,No
5/23/25,Recovery_W6,,9:00,FDEP_Y2,R4,1,2.4,3,6.9,14.79,7.5,0.920,,,0.524,,,No
5/23/25,Recovery_W6,,9:00,FDEP_Y2,R15,1,2.5,1,4.48,10.72,6,0.747,,,0.552,,,No
5/23/25,Recovery_W6,,9:00,FDEP_Y2,R15,1,2.5,2,4.49,10.33,6,0.748,,,0.546,,,No
5/23/25,Recovery_W6,,9:00,FDEP_Y2,R15,1,2.5,3,4.48,10.23,6,0.747,,,0.62,,,No
5/23/25,Recovery_W2,,10:00,FDEP_Y2,R15,2,3.1,1,4.76,10.23,6,0.793,,,0.603,,,No
5/23/25,Recovery_W2,,10:00,FDEP_Y2,R15,2,3.1,2,4.76,10,6,0.793,,,0.603,,,No
5/23/25,Recovery_W2,,10:00,FDEP_Y2,R15,2,3.1,3,4.76,9.99,6,0.793,,,0.621,,,No
5/23/25,Recovery_W2,,10:00,FDEP_Y2,P4,2,3.2,1,6.64,14.19,7,0.949,,,0.637,,,No
5/23/25,Recovery_W2,,10:00,FDEP_Y2,P4,2,3.2,2,6.64,13.7,7,0.949,,,0.609,,,No
5/23/25,Recovery_W2,,10:00,FDEP_Y2,P4,2,3.2,3,6.64,13.63,7,0.949,,,0.647,,,No
5/23/25,Recovery_W2,,10:00,FDEP_Y2,Control,2,3.3,1,8.36,17.17,8,1.045,,,0.574,,,No
5/23/25,Recovery_W2,,10:00,FDEP_Y2,Control,2,3.3,2,8.36,16.89,8,1.045,,,0.634,,,No
5/23/25,Recovery_W2,,10:00,FDEP_Y2,Control,2,3.3,3,8.35,16.81,8,1.044,,,0.572,,,No
5/23/25,Recovery_W2,,10:00,FDEP_Y2,P15,2,3.4,1,6.88,14.5,8,0.860,,,0.635,,,No
5/23/25,Recovery_W2,,10:00,FDEP_Y2,P15,2,3.4,2,6.88,14.23,8,0.860,,,0.536,,,No
5/23/25,Recovery_W2,,10:00,FDEP_Y2,P15,2,3.4,3,6.88,14.17,8,0.860,,,0.59,,,No
5/23/25,Recovery_W2,,10:00,FDEP_Y2,R4,2,3.5,1,8.9,18.36,10,0.890,,,0.623,,,No
5/23/25,Recovery_W2,,10:00,FDEP_Y2,R4,2,3.5,2,8.9,17.85,10,0.890,,,0.527,,,No
5/23/25,Recovery_W2,,10:00,FDEP_Y2,R4,2,3.5,3,8.9,17.82,10,0.890,,,0.669,,,No
5/23/25,Recovery_W2,,10:00,FDEP_Y2,P4,2,69.1,1,6.64,14.49,8,0.830,,,0.618,,,No
5/23/25,Recovery_W2,,10:00,FDEP_Y2,P4,2,69.1,2,6.64,14.06,8,0.830,,,0.629,,,No
5/23/25,Recovery_W2,,10:00,FDEP_Y2,P4,2,69.1,3,6.64,14.29,8,0.830,,,0.624,,,No
5/23/25,Recovery_W2,,10:00,FDEP_Y2,R4,2,69.2,1,8.72,18.91,10,0.872,,,0.628,,,No
5/23/25,Recovery_W2,,10:00,FDEP_Y2,R4,2,69.2,2,8.77,18.51,10,0.877,,,0.568,,,No
5/23/25,Recovery_W2,,10:00,FDEP_Y2,R4,2,69.2,3,8.78,18.47,10,0.878,,,0.557,,,No
5/23/25,Recovery_W2,,10:00,FDEP_Y2,P15,2,69.3,1,4.68,10.44,6,0.780,,,0.639,,,No
5/23/25,Recovery_W2,,10:00,FDEP_Y2,P15,2,69.3,2,4.68,10.24,6,0.780,,,0.572,,,No
5/23/25,Recovery_W2,,10:00,FDEP_Y2,P15,2,69.3,3,4.68,10.06,6,0.780,,,0.563,,,No
5/23/25,Recovery_W2,,10:00,FDEP_Y2,Control,2,69.4,1,7.94,16.56,9,0.882,,,0.523,,,No
5/23/25,Recovery_W2,,10:00,FDEP_Y2,Control,2,69.4,2,7.94,16.34,9,0.882,,,0.494,,,No
5/23/25,Recovery_W2,,10:00,FDEP_Y2,Control,2,69.4,3,7.94,16.1,9,0.882,,,0.591,,,No
5/23/25,Recovery_W2,,10:00,FDEP_Y2,R15,2,69.5,1,4.6,10.13,5,0.920,,,0.568,,,No
5/23/25,Recovery_W2,,10:00,FDEP_Y2,R15,2,69.5,2,4.6,9.92,5,0.920,,,0.611,,,No
5/23/25,Recovery_W2,,10:00,FDEP_Y2,R15,2,69.5,3,4.6,9.88,5,0.920,,,0.548,,,No